阶段,目标,时间安排,实施进度,完成程度
阶段一：数据收集与预处理,快速收集并预处理数据，为模型训练做准备,第1-2周,数据收集：第1周,预计90%
,,,收集公开数据集：第1-3天,
,,,自行采集数据：第4-7天,
,,数据标注与清洗：第8-11天,,
,,,数据标注,
,,,数据预处理,
,,划分训练集、验证集和测试集：第12-14天,,
阶段二：YOLOv9模型设计与初步训练,基于YOLOv9设计并训练初步的行人跌倒检测模型,第3-6周（1个月）,模型设计：第3周,预计80%
,,,模型结构设计,
,,,搭建训练框架,
,,初步训练：第4-6周,,
,,,启动训练,
,,,观察收敛情况并初步优化（如调整超参数）,
,,,多轮优化训练：优化精度和性能,
阶段三：模型优化与评估,通过迭代优化，提升模型检测的精度和实时性,第7-10周（1个月）,模型优化：第7-8周,预计90%
,,,多轮优化训练,
,,,解决误检和漏检问题,
,,模型评估：第9-10周,,
,,,使用验证集评估并进一步优化,
,,,调整超参数，增强模型鲁棒性,
阶段四：UI界面或Web端开发,开发用户友好的UI界面或Web端,第11-14周（1个月）,UI/Web端设计：第11周,预计85%
,,,界面设计、用户体验设计,
,,,确定功能需求和技术实现方案,
,,前端开发：第12周,,
,,,实现前端功能：界面布局和基础交互,
,,后端开发与前后端集成：第13周,,
,,,开发后端接口，进行数据交互,
,,,API设计与实现,
,,系统测试与调整：第14周,,
,,,集成测试，确保UI/Web端功能正常运行,
,,,收集用户反馈并进行优化调整,
阶段五：总结与交付,总结研究成果，完善技术文档，完成项目交付,第15周（1周）,总结项目过程：第1-2天,预计100%
,,,数据分析与总结研究成果,
,,图表和结果展示：第3天,,
,,,撰写技术报告、研究论文等,
,,完成系统使用手册和维护指南：第4-5天,,
,,,撰写使用手册，提供技术支持文档,
,,验收与交付：第6-7天,,
,,,内部验收、用户验收,
,,,最终文档打包与交付,
总体时间线 Summary,数据收集与预处理,第1-2周（2周）,,
,YOLOv9模型设计与初步训练,第3-6周（1个月）,,
,模型优化与评估,第7-10周（1个月）,,
,UI界面或Web端开发,第11-14周（1个月）,,
,总结与交付,第15周（1周）,,
